postproc_funcs,"['safe_inverse', 'lambda x: x', 'lambda x: x**2', 'lambda x: safe_inverse(x**2)']",target_name,pi
"a poly [a_0, a_1, ...]","b poly  [b_0, b_1, ...]",procpost_func index,u,l,c,d,convergence type,convergence rate,postfunc(cont_frac),(u/pi+pi/l+c)/d
"((-1, -2, 0),)","((0, 0, 1),)",0,0,-4,0,1,exp,"(Decimal('5.5520662719116079794771414568348701533613704620851'), Decimal('0.050012045739215719809162528386529027011960858897241'))",-0.78539816339744830961566084581987572104929234984375,-0.78539816339744830961566084581987572104929234984378
